position	post_id	post_by	post_text	post_published	comment_id	comment_by	is_reply	comment_message	comment_published	comment_like_count
0_0	125980744110410_1192084267500047	f35c2a028b31ea36b0e1b207a44673653fb921f9	Quero levar Educa√ß√£o de qualidade  com esporte  cultura e lazer para mais regi√µes de S√£o Paulo. Quando fui prefeita  j√° comecei esse trabalho ao construir 21 CEUs e deixar outros 24 projetados. Agora  vou entregar 14 novas unidades por toda cidade. #Marta15 #CoragemPraMudar	2016-08-31T19:02:51+0000	1192084267500047_1194032403971900	pageowner	1	Essa √© uma reclama√ß√£o que estou ouvindo muito, Rose. Os CEUs deveriam funcionar efetivamente, da maneira como foram planejados em minha gest√£o. S√£o lugares que deveriam trazer cultuira, esporte e lazer para as pessoas. A prefeitura atual n√£o est√° dando o apoio necess√°rio e isso precisa mudar.	2016-09-02T15:40:19+0000	1
0_1	125980744110410_1192084267500047	f35c2a028b31ea36b0e1b207a44673653fb921f9	Quero levar Educa√ß√£o de qualidade  com esporte  cultura e lazer para mais regi√µes de S√£o Paulo. Quando fui prefeita  j√° comecei esse trabalho ao construir 21 CEUs e deixar outros 24 projetados. Agora  vou entregar 14 novas unidades por toda cidade. #Marta15 #CoragemPraMudar	2016-08-31T19:02:51+0000	1192084267500047_1194042857304188	fe65f0258cb698e722527561c32714315df20f6a	1	Muito obrigada pela aten√ßao. O Ceu √© essencial √† popula√ß√£o de baixa renda. Ou renda 0.	2016-09-02T15:53:44+0000	1
0_2	125980744110410_1192084267500047	f35c2a028b31ea36b0e1b207a44673653fb921f9	Quero levar Educa√ß√£o de qualidade  com esporte  cultura e lazer para mais regi√µes de S√£o Paulo. Quando fui prefeita  j√° comecei esse trabalho ao construir 21 CEUs e deixar outros 24 projetados. Agora  vou entregar 14 novas unidades por toda cidade. #Marta15 #CoragemPraMudar	2016-08-31T19:02:51+0000	1192084267500047_1194043373970803	fe65f0258cb698e722527561c32714315df20f6a	1	A √∫nica op√ß√£o ali√°s.	2016-09-02T15:54:33+0000	0
0_3	125980744110410_1192084267500047	f35c2a028b31ea36b0e1b207a44673653fb921f9	Quero levar Educa√ß√£o de qualidade  com esporte  cultura e lazer para mais regi√µes de S√£o Paulo. Quando fui prefeita  j√° comecei esse trabalho ao construir 21 CEUs e deixar outros 24 projetados. Agora  vou entregar 14 novas unidades por toda cidade. #Marta15 #CoragemPraMudar	2016-08-31T19:02:51+0000	1192084267500047_1193847130657094	fe65f0258cb698e722527561c32714315df20f6a	0	OK. E quantos funcionam? Tem voltado em algum deles? Eu estive em 3 este ano. Sem atividade. Help!	2016-09-02T12:17:12+0000	0
0_4	125980744110410_1192084267500047	f35c2a028b31ea36b0e1b207a44673653fb921f9	Quero levar Educa√ß√£o de qualidade  com esporte  cultura e lazer para mais regi√µes de S√£o Paulo. Quando fui prefeita  j√° comecei esse trabalho ao construir 21 CEUs e deixar outros 24 projetados. Agora  vou entregar 14 novas unidades por toda cidade. #Marta15 #CoragemPraMudar	2016-08-31T19:02:51+0000	1192084267500047_1193906403984500	9d673cb4e9aee30eb304194b22c6e4cf48aef46f	0	Essa mulher fez bastante coisa mesmo independente de qual partido marta fez muita coisa sim .ela errou em algumas coisas mas precisa de ter car√°ter de assumir o erro e isso ela assumiu eu voto #15	2016-09-02T13:32:25+0000	1
0_5	125980744110410_1192084267500047	f35c2a028b31ea36b0e1b207a44673653fb921f9	Quero levar Educa√ß√£o de qualidade  com esporte  cultura e lazer para mais regi√µes de S√£o Paulo. Quando fui prefeita  j√° comecei esse trabalho ao construir 21 CEUs e deixar outros 24 projetados. Agora  vou entregar 14 novas unidades por toda cidade. #Marta15 #CoragemPraMudar	2016-08-31T19:02:51+0000	1192084267500047_1192086427499831	995c5dd8942c4d5ca634481d48a9ae44b9f95183	0	porque C√âUS de verdade, s√≥ com Marta!...os outros fazem alguns predinhos e chamam de territorio c√©u!...estou cansado de marketing barato!	2016-08-31T19:05:44+0000	5
0_6	125980744110410_1192084267500047	f35c2a028b31ea36b0e1b207a44673653fb921f9	Quero levar Educa√ß√£o de qualidade  com esporte  cultura e lazer para mais regi√µes de S√£o Paulo. Quando fui prefeita  j√° comecei esse trabalho ao construir 21 CEUs e deixar outros 24 projetados. Agora  vou entregar 14 novas unidades por toda cidade. #Marta15 #CoragemPraMudar	2016-08-31T19:02:51+0000	1192084267500047_1192569064118234	62a70f254346f517f34bcdcb8fc4c5756f2d7088	0	Marta fez mais com menos, #MartaNeles	2016-09-01T06:20:10+0000	3
0_7	125980744110410_1192084267500047	f35c2a028b31ea36b0e1b207a44673653fb921f9	Quero levar Educa√ß√£o de qualidade  com esporte  cultura e lazer para mais regi√µes de S√£o Paulo. Quando fui prefeita  j√° comecei esse trabalho ao construir 21 CEUs e deixar outros 24 projetados. Agora  vou entregar 14 novas unidades por toda cidade. #Marta15 #CoragemPraMudar	2016-08-31T19:02:51+0000	1192084267500047_1192864020755405	596e6f58445100806f6ce82bf0eee54f6341aacc	0	#Educa√ß√£oEvolu√ß√£o √© com #Marta15	2016-09-01T13:33:12+0000	2
0_8	125980744110410_1192084267500047	f35c2a028b31ea36b0e1b207a44673653fb921f9	Quero levar Educa√ß√£o de qualidade  com esporte  cultura e lazer para mais regi√µes de S√£o Paulo. Quando fui prefeita  j√° comecei esse trabalho ao construir 21 CEUs e deixar outros 24 projetados. Agora  vou entregar 14 novas unidades por toda cidade. #Marta15 #CoragemPraMudar	2016-08-31T19:02:51+0000	1192084267500047_1192133720828435	df86c57e062ccd0dd9c38da89a3efbcad8e4664a	0	#TeamMarta	2016-08-31T19:51:27+0000	2
0_9	125980744110410_1192084267500047	f35c2a028b31ea36b0e1b207a44673653fb921f9	Quero levar Educa√ß√£o de qualidade  com esporte  cultura e lazer para mais regi√µes de S√£o Paulo. Quando fui prefeita  j√° comecei esse trabalho ao construir 21 CEUs e deixar outros 24 projetados. Agora  vou entregar 14 novas unidades por toda cidade. #Marta15 #CoragemPraMudar	2016-08-31T19:02:51+0000	1192084267500047_1192089010832906	b061717f2ca8c78478b514fbf75b4390583db1a5	0	#PrefeitaPerfeita pra SP!	2016-08-31T19:09:33+0000	3
0_10	125980744110410_1192084267500047	f35c2a028b31ea36b0e1b207a44673653fb921f9	Quero levar Educa√ß√£o de qualidade  com esporte  cultura e lazer para mais regi√µes de S√£o Paulo. Quando fui prefeita  j√° comecei esse trabalho ao construir 21 CEUs e deixar outros 24 projetados. Agora  vou entregar 14 novas unidades por toda cidade. #Marta15 #CoragemPraMudar	2016-08-31T19:02:51+0000	1192084267500047_1192225497485924	2836c202517ccf4ff1f095c3f9d66d4c4097270d	0	Marta que far√° com teg? Estamos t√£o defasados mudou pra prior tios ou comem ou fazem manuten√ß√£o carro	2016-08-31T21:53:10+0000	1
0_11	125980744110410_1192084267500047	f35c2a028b31ea36b0e1b207a44673653fb921f9	Quero levar Educa√ß√£o de qualidade  com esporte  cultura e lazer para mais regi√µes de S√£o Paulo. Quando fui prefeita  j√° comecei esse trabalho ao construir 21 CEUs e deixar outros 24 projetados. Agora  vou entregar 14 novas unidades por toda cidade. #Marta15 #CoragemPraMudar	2016-08-31T19:02:51+0000	1192084267500047_1193574077351066	1c26d963514313aeb071e688c843b425b73b1a93	0	Mais CEUs viva! Todas as escolas deveriam ser CEUs  :)	2016-09-02T05:17:48+0000	2
0_12	125980744110410_1192084267500047	f35c2a028b31ea36b0e1b207a44673653fb921f9	Quero levar Educa√ß√£o de qualidade  com esporte  cultura e lazer para mais regi√µes de S√£o Paulo. Quando fui prefeita  j√° comecei esse trabalho ao construir 21 CEUs e deixar outros 24 projetados. Agora  vou entregar 14 novas unidades por toda cidade. #Marta15 #CoragemPraMudar	2016-08-31T19:02:51+0000	1192084267500047_1192857170756090	75f5a89ab42a44a4f3c765b5cd35571f4f7a9ed3	0	Marta  estamos com voce bom trabalho	2016-09-01T13:23:41+0000	1
0_13	125980744110410_1192084267500047	f35c2a028b31ea36b0e1b207a44673653fb921f9	Quero levar Educa√ß√£o de qualidade  com esporte  cultura e lazer para mais regi√µes de S√£o Paulo. Quando fui prefeita  j√° comecei esse trabalho ao construir 21 CEUs e deixar outros 24 projetados. Agora  vou entregar 14 novas unidades por toda cidade. #Marta15 #CoragemPraMudar	2016-08-31T19:02:51+0000	1192084267500047_1194631793911961	a939fc6ed6e8d3ed4e863330028efea61e6b84a9	0	Ah v√°, a senhora lembra do aumento salarial que os professores tiveram na sua gest√£o? Faz me rir	2016-09-03T04:09:54+0000	0
0_14	125980744110410_1192084267500047	f35c2a028b31ea36b0e1b207a44673653fb921f9	Quero levar Educa√ß√£o de qualidade  com esporte  cultura e lazer para mais regi√µes de S√£o Paulo. Quando fui prefeita  j√° comecei esse trabalho ao construir 21 CEUs e deixar outros 24 projetados. Agora  vou entregar 14 novas unidades por toda cidade. #Marta15 #CoragemPraMudar	2016-08-31T19:02:51+0000	1192084267500047_1194532593921881	1c26d963514313aeb071e688c843b425b73b1a93	0	+ CEUs , S√£o Paulo agradece :)	2016-09-03T01:35:28+0000	1
0_15	125980744110410_1192084267500047	f35c2a028b31ea36b0e1b207a44673653fb921f9	Quero levar Educa√ß√£o de qualidade  com esporte  cultura e lazer para mais regi√µes de S√£o Paulo. Quando fui prefeita  j√° comecei esse trabalho ao construir 21 CEUs e deixar outros 24 projetados. Agora  vou entregar 14 novas unidades por toda cidade. #Marta15 #CoragemPraMudar	2016-08-31T19:02:51+0000	1192084267500047_1196396297068844	6def70483f823bbd761a4836728381d81b3faa90	0		2016-09-04T19:39:22+0000	0
1_0	125980744110410_1191892990852508	f35c2a028b31ea36b0e1b207a44673653fb921f9	Antes de ser prefeita  me comprometi a mudar o transporte de S√£o Paulo. Criei o Bilhete √önico e os corredores de √¥nibus  ajudando pessoas como a Alda a economizar tempo e dinheiro. Agora  vou criar mais seis corredores pra beneficiar ainda mais pessoas. #Marta15 #MartaFez	2016-08-31T15:59:34+0000	1191892990852508_1191956624179478	bfe0ef63cef57fee3e2e12a35da68ba4d1630671	0	Martinha,  mulher de fibra, garra o seu feito estar√° sempre marcado, corredor de √¥nibus e bilhete √∫nico facilitou e muito a vida dos paulistanos.  Parab√©ns.	2016-08-31T16:16:12+0000	5
1_1	125980744110410_1191892990852508	f35c2a028b31ea36b0e1b207a44673653fb921f9	Antes de ser prefeita  me comprometi a mudar o transporte de S√£o Paulo. Criei o Bilhete √önico e os corredores de √¥nibus  ajudando pessoas como a Alda a economizar tempo e dinheiro. Agora  vou criar mais seis corredores pra beneficiar ainda mais pessoas. #Marta15 #MartaFez	2016-08-31T15:59:34+0000	1191892990852508_1192010810840726	f11ebed4d80df829aa5966b1159ea203d2dcc0e4	0	Senadora, desculpa usar este espa√ßo, mas permita que eu te agrade√ßa! Obrigado por ter falado por mim e por muitos outros milh√µes hj!!! Sucesso, e rumo a prefeitura de SP!	2016-08-31T17:25:54+0000	5
1_2	125980744110410_1191892990852508	f35c2a028b31ea36b0e1b207a44673653fb921f9	Antes de ser prefeita  me comprometi a mudar o transporte de S√£o Paulo. Criei o Bilhete √önico e os corredores de √¥nibus  ajudando pessoas como a Alda a economizar tempo e dinheiro. Agora  vou criar mais seis corredores pra beneficiar ainda mais pessoas. #Marta15 #MartaFez	2016-08-31T15:59:34+0000	1191892990852508_1192037817504692	62a70f254346f517f34bcdcb8fc4c5756f2d7088	0	Marta √© mais com menos e sabendo escolher as prioridades, d√° para fazer!	2016-08-31T17:58:30+0000	3
1_3	125980744110410_1191892990852508	f35c2a028b31ea36b0e1b207a44673653fb921f9	Antes de ser prefeita  me comprometi a mudar o transporte de S√£o Paulo. Criei o Bilhete √önico e os corredores de √¥nibus  ajudando pessoas como a Alda a economizar tempo e dinheiro. Agora  vou criar mais seis corredores pra beneficiar ainda mais pessoas. #Marta15 #MartaFez	2016-08-31T15:59:34+0000	1191892990852508_1193473010694506	01b5389d9943086e92bb8787aef42f2104ff8908	0	Talvez ganhe meu voto em um eventual segundo turno . Por√©m quero que seja objetiva . Radar j√° chega em sp!!! Policia n√£o e pra ficar em cima da ponte multando.. E o chega inrrestrito as ciclovias	2016-09-02T02:38:01+0000	0
1_4	125980744110410_1191892990852508	f35c2a028b31ea36b0e1b207a44673653fb921f9	Antes de ser prefeita  me comprometi a mudar o transporte de S√£o Paulo. Criei o Bilhete √önico e os corredores de √¥nibus  ajudando pessoas como a Alda a economizar tempo e dinheiro. Agora  vou criar mais seis corredores pra beneficiar ainda mais pessoas. #Marta15 #MartaFez	2016-08-31T15:59:34+0000	1191892990852508_1192164377492036	e58dc6699069a538445a3152cf4d477059913240	0	Marta Parab√©ns pela sua coragem e garra pois estamos contigo at√© o fim . #MartaNeles #CoragemPraMudar	2016-08-31T20:32:46+0000	1
1_5	125980744110410_1191892990852508	f35c2a028b31ea36b0e1b207a44673653fb921f9	Antes de ser prefeita  me comprometi a mudar o transporte de S√£o Paulo. Criei o Bilhete √önico e os corredores de √¥nibus  ajudando pessoas como a Alda a economizar tempo e dinheiro. Agora  vou criar mais seis corredores pra beneficiar ainda mais pessoas. #Marta15 #MartaFez	2016-08-31T15:59:34+0000	1191892990852508_1192429830798824	39545e16575782338f949aea26c5b713f9ef1bc4	0	espero que n√£o planeje acabar com com o bilhete mensal, e d√™ sequencia tamb√©m √†s faixas exclusivas (f√°cil implanta√ß√£o e beneficio √† curto prazo).	2016-09-01T02:48:15+0000	0
1_6	125980744110410_1191892990852508	f35c2a028b31ea36b0e1b207a44673653fb921f9	Antes de ser prefeita  me comprometi a mudar o transporte de S√£o Paulo. Criei o Bilhete √önico e os corredores de √¥nibus  ajudando pessoas como a Alda a economizar tempo e dinheiro. Agora  vou criar mais seis corredores pra beneficiar ainda mais pessoas. #Marta15 #MartaFez	2016-08-31T15:59:34+0000	1191892990852508_1192456407462833	510510a0c14dfd35eea85d320b14e8c6fc8b6b1a	0	Marta precisa tirar os elevador dos √¥nibus obrigar os donos das empresas a colocar os carros todos piso baixo muitos idosos n√£o consegui subir com esses de graus altos obrigado	2016-09-01T03:09:09+0000	0
1_7	125980744110410_1191892990852508	f35c2a028b31ea36b0e1b207a44673653fb921f9	Antes de ser prefeita  me comprometi a mudar o transporte de S√£o Paulo. Criei o Bilhete √önico e os corredores de √¥nibus  ajudando pessoas como a Alda a economizar tempo e dinheiro. Agora  vou criar mais seis corredores pra beneficiar ainda mais pessoas. #Marta15 #MartaFez	2016-08-31T15:59:34+0000	1191892990852508_1192746077433866	e892c56c32b3218e010ceb8a1355f35ee2a16b8f	0	Marta quais s√£o seus objetivos nas vias e asfalto p√∫blico e qual ser√° seu posicionamento em eventos  cultural como prefeita de s√£o Paulo ?	2016-09-01T11:04:32+0000	0
1_8	125980744110410_1191892990852508	f35c2a028b31ea36b0e1b207a44673653fb921f9	Antes de ser prefeita  me comprometi a mudar o transporte de S√£o Paulo. Criei o Bilhete √önico e os corredores de √¥nibus  ajudando pessoas como a Alda a economizar tempo e dinheiro. Agora  vou criar mais seis corredores pra beneficiar ainda mais pessoas. #Marta15 #MartaFez	2016-08-31T15:59:34+0000	1191892990852508_1192863797422094	596e6f58445100806f6ce82bf0eee54f6341aacc	0	#Marta15 √© corredor de √¥nibus, vai e volta, √© #Bilhete√önico	2016-09-01T13:32:54+0000	0
1_9	125980744110410_1191892990852508	f35c2a028b31ea36b0e1b207a44673653fb921f9	Antes de ser prefeita  me comprometi a mudar o transporte de S√£o Paulo. Criei o Bilhete √önico e os corredores de √¥nibus  ajudando pessoas como a Alda a economizar tempo e dinheiro. Agora  vou criar mais seis corredores pra beneficiar ainda mais pessoas. #Marta15 #MartaFez	2016-08-31T15:59:34+0000	1191892990852508_1192735054101635	3b64743830666e8209853b62e14b723f7ae56156	0	Sim √© voc√™ divota paragete	2016-09-01T10:46:03+0000	0
1_10	125980744110410_1191892990852508	f35c2a028b31ea36b0e1b207a44673653fb921f9	Antes de ser prefeita  me comprometi a mudar o transporte de S√£o Paulo. Criei o Bilhete √önico e os corredores de √¥nibus  ajudando pessoas como a Alda a economizar tempo e dinheiro. Agora  vou criar mais seis corredores pra beneficiar ainda mais pessoas. #Marta15 #MartaFez	2016-08-31T15:59:34+0000	1191892990852508_1192858250755982	75f5a89ab42a44a4f3c765b5cd35571f4f7a9ed3	0	O bilhete precisa voltar ser de 8 hs no domingo e em feriado	2016-09-01T13:24:43+0000	0
1_11	125980744110410_1191892990852508	f35c2a028b31ea36b0e1b207a44673653fb921f9	Antes de ser prefeita  me comprometi a mudar o transporte de S√£o Paulo. Criei o Bilhete √önico e os corredores de √¥nibus  ajudando pessoas como a Alda a economizar tempo e dinheiro. Agora  vou criar mais seis corredores pra beneficiar ainda mais pessoas. #Marta15 #MartaFez	2016-08-31T15:59:34+0000	1191892990852508_1192145260827281	cf8febddbe2f6647b457309216435f021ee48e08	0	Martinha, conto contigo! Bjs	2016-08-31T20:08:49+0000	1
1_12	125980744110410_1191892990852508	f35c2a028b31ea36b0e1b207a44673653fb921f9	Antes de ser prefeita  me comprometi a mudar o transporte de S√£o Paulo. Criei o Bilhete √önico e os corredores de √¥nibus  ajudando pessoas como a Alda a economizar tempo e dinheiro. Agora  vou criar mais seis corredores pra beneficiar ainda mais pessoas. #Marta15 #MartaFez	2016-08-31T15:59:34+0000	1191892990852508_1193577667350707	1c26d963514313aeb071e688c843b425b73b1a93	0	Marta, fiquei uns meses desempregado e quase que tive de cortar meu futebol semanal pra economizar uma grana. Trabalhando qualquer despesa √© despesa, mas desempregado a coisa √© muito pior. Com R$ 3,80 todas as quarta-feiras vou e volto Gra√ßas ao Bilhete Unico que voc√™ criou quando foi Prefeita. Assim n√£o pesa muito no meu or√ßamento e n√£o precisei cortar meu esporte preferido  ;)	2016-09-02T05:23:21+0000	0
1_13	125980744110410_1191892990852508	f35c2a028b31ea36b0e1b207a44673653fb921f9	Antes de ser prefeita  me comprometi a mudar o transporte de S√£o Paulo. Criei o Bilhete √önico e os corredores de √¥nibus  ajudando pessoas como a Alda a economizar tempo e dinheiro. Agora  vou criar mais seis corredores pra beneficiar ainda mais pessoas. #Marta15 #MartaFez	2016-08-31T15:59:34+0000	1191892990852508_1193163604058780	d841295f21512805e1118f63c69b8497af6276c5	0		2016-09-01T19:42:18+0000	0
1_14	125980744110410_1191892990852508	f35c2a028b31ea36b0e1b207a44673653fb921f9	Antes de ser prefeita  me comprometi a mudar o transporte de S√£o Paulo. Criei o Bilhete √önico e os corredores de √¥nibus  ajudando pessoas como a Alda a economizar tempo e dinheiro. Agora  vou criar mais seis corredores pra beneficiar ainda mais pessoas. #Marta15 #MartaFez	2016-08-31T15:59:34+0000	1191892990852508_1192346030807204	dd99fb199bf010fc9c4a04123a57ed5498000e1a	0		2016-09-01T00:52:01+0000	0
1_15	125980744110410_1191892990852508	f35c2a028b31ea36b0e1b207a44673653fb921f9	Antes de ser prefeita  me comprometi a mudar o transporte de S√£o Paulo. Criei o Bilhete √önico e os corredores de √¥nibus  ajudando pessoas como a Alda a economizar tempo e dinheiro. Agora  vou criar mais seis corredores pra beneficiar ainda mais pessoas. #Marta15 #MartaFez	2016-08-31T15:59:34+0000	1191892990852508_1191952434179897	f4f5e43f7175f7629b848dc1f612b8db04e0b6aa	0	Miguel Bastos	2016-08-31T16:09:43+0000	0
2_0	125980744110410_1191808634194277	f35c2a028b31ea36b0e1b207a44673653fb921f9	Muitos podem n√£o lembrar  mas antes de eu criar o Bilhete √önico  toda vez que algu√©m pegava uma condu√ß√£o  tinha que pagar uma passagem. Se o Bilhete n√£o existisse  a Adriana gastaria R$ 22 80 s√≥ pra ir para a fisioterapia. Hoje  gasta R$ 7 60. #Marta15 #CoragemPraMudar	2016-08-31T13:01:01+0000	1191808634194277_1191865547521919	pageowner	1	Michel, obrigada pelas palavras. Tenho muito carinho pela sua amada Parelheiros. Foi uma das regi√µes que mais cresceram em nosso mandato. Pode confiar que jamais esquecerei de voc√™s.	2016-08-31T14:06:49+0000	1
2_1	125980744110410_1191808634194277	f35c2a028b31ea36b0e1b207a44673653fb921f9	Muitos podem n√£o lembrar  mas antes de eu criar o Bilhete √önico  toda vez que algu√©m pegava uma condu√ß√£o  tinha que pagar uma passagem. Se o Bilhete n√£o existisse  a Adriana gastaria R$ 22 80 s√≥ pra ir para a fisioterapia. Hoje  gasta R$ 7 60. #Marta15 #CoragemPraMudar	2016-08-31T13:01:01+0000	1191808634194277_1191867657521708	ea145ee2172d55fdf462e1ff8dbd7cfb42d261db	1	üí™‚úåüëèüëèüëèüëèüëèüëèüëèüëèüëèüëè	2016-08-31T14:10:24+0000	1
2_2	125980744110410_1191808634194277	f35c2a028b31ea36b0e1b207a44673653fb921f9	Muitos podem n√£o lembrar  mas antes de eu criar o Bilhete √önico  toda vez que algu√©m pegava uma condu√ß√£o  tinha que pagar uma passagem. Se o Bilhete n√£o existisse  a Adriana gastaria R$ 22 80 s√≥ pra ir para a fisioterapia. Hoje  gasta R$ 7 60. #Marta15 #CoragemPraMudar	2016-08-31T13:01:01+0000	1191808634194277_1192309004144240	c09cba1eb4ada035e628a3fb2443fcfcc31ff9b7	1	Isso √© verdade! Beneficiou trabalhadores e pequenas empresas. Foi uma revolu√ß√£o! Sem falar na troca dos ve√≠culos velhos, estragados por ve√≠culos novinhos, limpos...	2016-08-31T23:46:29+0000	2
2_3	125980744110410_1191808634194277	f35c2a028b31ea36b0e1b207a44673653fb921f9	Muitos podem n√£o lembrar  mas antes de eu criar o Bilhete √önico  toda vez que algu√©m pegava uma condu√ß√£o  tinha que pagar uma passagem. Se o Bilhete n√£o existisse  a Adriana gastaria R$ 22 80 s√≥ pra ir para a fisioterapia. Hoje  gasta R$ 7 60. #Marta15 #CoragemPraMudar	2016-08-31T13:01:01+0000	1191808634194277_1192986407409833	0a83b44ae137261a05133651e9e7600e89a2edce	1	Que essa elei√ß√£o seja sua Marta! Sao Paulo esta precisando de voc√™!  #Pracimadeles üëèüëè	2016-09-01T16:11:10+0000	1
2_4	125980744110410_1191808634194277	f35c2a028b31ea36b0e1b207a44673653fb921f9	Muitos podem n√£o lembrar  mas antes de eu criar o Bilhete √önico  toda vez que algu√©m pegava uma condu√ß√£o  tinha que pagar uma passagem. Se o Bilhete n√£o existisse  a Adriana gastaria R$ 22 80 s√≥ pra ir para a fisioterapia. Hoje  gasta R$ 7 60. #Marta15 #CoragemPraMudar	2016-08-31T13:01:01+0000	1191808634194277_1191863474188793	ea145ee2172d55fdf462e1ff8dbd7cfb42d261db	0	Me lembro que quando o bilhete unico foi criado eu trabalhava de Office Boy no Cambuci,  eu Pegava 3 condu√ß√£o para ir , saia de Parelheiros as 5 horas da amanh√£  para estar no servi√ßo as 7:15. Com a implanta√ß√£o do bilhete unico me ajudou a ficar no meu servi√ßo por que ai meu patr√£o tinha pouca dispesa com condu√ß√£o para eu ir e vir do trabalho , me ajudou muito tamb√©m nos servi√ßos que eu fazia na rua por que tamb√©m gerava uma economia para meu patr√£o em rela√ß√£o a condu√ß√£o. Obrigado Marta,  espero que volte esse ano e ajude novamente S√£o Paulo  e meu amado Parelheiros.	2016-08-31T14:02:48+0000	8
2_5	125980744110410_1191808634194277	f35c2a028b31ea36b0e1b207a44673653fb921f9	Muitos podem n√£o lembrar  mas antes de eu criar o Bilhete √önico  toda vez que algu√©m pegava uma condu√ß√£o  tinha que pagar uma passagem. Se o Bilhete n√£o existisse  a Adriana gastaria R$ 22 80 s√≥ pra ir para a fisioterapia. Hoje  gasta R$ 7 60. #Marta15 #CoragemPraMudar	2016-08-31T13:01:01+0000	1191808634194277_1191866090855198	pageowner	1	Joyce, h√° muita coisa errada na cidade. Por favor, continue mostrando sua indigna√ß√£o. √â com esse di√°logo que vamos saber qual √© o real problema para o povo e como poderemos resolver essas situa√ß√µes.	2016-08-31T14:08:02+0000	1
2_6	125980744110410_1191808634194277	f35c2a028b31ea36b0e1b207a44673653fb921f9	Muitos podem n√£o lembrar  mas antes de eu criar o Bilhete √önico  toda vez que algu√©m pegava uma condu√ß√£o  tinha que pagar uma passagem. Se o Bilhete n√£o existisse  a Adriana gastaria R$ 22 80 s√≥ pra ir para a fisioterapia. Hoje  gasta R$ 7 60. #Marta15 #CoragemPraMudar	2016-08-31T13:01:01+0000	1191808634194277_1191866550855152	3be387a305b1f6d9d7bd456a2fcd4e35bff1a383	1	Obrigado	2016-08-31T14:08:38+0000	0
2_7	125980744110410_1191808634194277	f35c2a028b31ea36b0e1b207a44673653fb921f9	Muitos podem n√£o lembrar  mas antes de eu criar o Bilhete √önico  toda vez que algu√©m pegava uma condu√ß√£o  tinha que pagar uma passagem. Se o Bilhete n√£o existisse  a Adriana gastaria R$ 22 80 s√≥ pra ir para a fisioterapia. Hoje  gasta R$ 7 60. #Marta15 #CoragemPraMudar	2016-08-31T13:01:01+0000	1191808634194277_1191855730856234	3be387a305b1f6d9d7bd456a2fcd4e35bff1a383	0	VC foi a melhor que olho por n√≥s da     extremidade sul...Como dizem ...barragem t√° s√≥ por Deus fizeram umas obra na rua que s√≥ piorou colocaram guias pra vim o asfalto at√© hoje quando chove s√≥ por Deus. ..ESPERO QUE GANHE E N√ìS AJUDE ...J√Å TEM MEU APOIO...	2016-08-31T13:50:56+0000	2
2_8	125980744110410_1191808634194277	f35c2a028b31ea36b0e1b207a44673653fb921f9	Muitos podem n√£o lembrar  mas antes de eu criar o Bilhete √önico  toda vez que algu√©m pegava uma condu√ß√£o  tinha que pagar uma passagem. Se o Bilhete n√£o existisse  a Adriana gastaria R$ 22 80 s√≥ pra ir para a fisioterapia. Hoje  gasta R$ 7 60. #Marta15 #CoragemPraMudar	2016-08-31T13:01:01+0000	1191808634194277_1191832687525205	596e6f58445100806f6ce82bf0eee54f6341aacc	0	Eu pego 2 √¥nibus pra ir pro trabalho... Sem o #Bilheto√önico eu gastaria o dobro, mais 167 reais no m√™s. No total, poderia ultrapassar 334 reais mensais. Quase meio sal√°rio m√≠nimo. Obrigado Marta, seus projetos geram economia para todos os cidad√£os! #VoltaMarta #Marta15	2016-08-31T13:25:33+0000	2
2_9	125980744110410_1191808634194277	f35c2a028b31ea36b0e1b207a44673653fb921f9	Muitos podem n√£o lembrar  mas antes de eu criar o Bilhete √önico  toda vez que algu√©m pegava uma condu√ß√£o  tinha que pagar uma passagem. Se o Bilhete n√£o existisse  a Adriana gastaria R$ 22 80 s√≥ pra ir para a fisioterapia. Hoje  gasta R$ 7 60. #Marta15 #CoragemPraMudar	2016-08-31T13:01:01+0000	1191808634194277_1192326890809118	1b3dfdd8e65b3df87b887b306e564730e24168aa	0	Eu achei super humilde de ti assumir os erros durante sua campanha para prefeita. Apesar de ser morador de Osasco e relativamente jovem, tenho memoria de como era o transporte e o ensino p√∫blico da capital  (pr√©-Marta) e como voc√™ de certa forma revolucionou a cidade em apenas 4 anos, sucedendo o fracasso da gest√£o anterior do Pitta. Os resultados est√£o ai at√© hoje e sendo copiados dentro da capital e fora dela. Em Osasco, tentaram copiar algumas solu√ß√µes por ti implantadas, mas at√© hoje elas n√£o est√£o concluidas. N√£o voto em S√£o Paulo, mas a admiro como mulher e como politica e acredito em voc√™ e no seu potencial.	2016-09-01T00:18:01+0000	1
2_10	125980744110410_1191808634194277	f35c2a028b31ea36b0e1b207a44673653fb921f9	Muitos podem n√£o lembrar  mas antes de eu criar o Bilhete √önico  toda vez que algu√©m pegava uma condu√ß√£o  tinha que pagar uma passagem. Se o Bilhete n√£o existisse  a Adriana gastaria R$ 22 80 s√≥ pra ir para a fisioterapia. Hoje  gasta R$ 7 60. #Marta15 #CoragemPraMudar	2016-08-31T13:01:01+0000	1191808634194277_1191917560850051	9601d65f2b67321e14d2710881185c4ac784d9fe	0	Lindo Adriana Campos fala bem parab√©ns Marta obrigado por n√£o nos abandona  Mas para ser melhor voc√™ tem que voltar  Parelheiros quer Marta outra vez  15	2016-08-31T15:19:23+0000	2
2_11	125980744110410_1191808634194277	f35c2a028b31ea36b0e1b207a44673653fb921f9	Muitos podem n√£o lembrar  mas antes de eu criar o Bilhete √önico  toda vez que algu√©m pegava uma condu√ß√£o  tinha que pagar uma passagem. Se o Bilhete n√£o existisse  a Adriana gastaria R$ 22 80 s√≥ pra ir para a fisioterapia. Hoje  gasta R$ 7 60. #Marta15 #CoragemPraMudar	2016-08-31T13:01:01+0000	1191808634194277_1191876280854179	bcf53f144bef9d67b45909099f8a2a8ba9d76430	0	Trabalhei em suas campanhas, hoje com 62 dois anos fica dif√≠cil de trabalhar, marta elabore programas de trabalho para idoso bjs.	2016-08-31T14:18:53+0000	2
2_12	125980744110410_1191808634194277	f35c2a028b31ea36b0e1b207a44673653fb921f9	Muitos podem n√£o lembrar  mas antes de eu criar o Bilhete √önico  toda vez que algu√©m pegava uma condu√ß√£o  tinha que pagar uma passagem. Se o Bilhete n√£o existisse  a Adriana gastaria R$ 22 80 s√≥ pra ir para a fisioterapia. Hoje  gasta R$ 7 60. #Marta15 #CoragemPraMudar	2016-08-31T13:01:01+0000	1191808634194277_1191919420849865	408018ccac5865a0bb4de28f0059788c516c7bbd	0	Parab√©ns Dri Adriana Campos  Muito bom o v√≠deo amore  MARTA NELES SOMOS TODOS 15	2016-08-31T15:22:03+0000	2
2_13	125980744110410_1191808634194277	f35c2a028b31ea36b0e1b207a44673653fb921f9	Muitos podem n√£o lembrar  mas antes de eu criar o Bilhete √önico  toda vez que algu√©m pegava uma condu√ß√£o  tinha que pagar uma passagem. Se o Bilhete n√£o existisse  a Adriana gastaria R$ 22 80 s√≥ pra ir para a fisioterapia. Hoje  gasta R$ 7 60. #Marta15 #CoragemPraMudar	2016-08-31T13:01:01+0000	1191808634194277_1192248550816952	d709814cb0580e2c11d783d381515ba7b1ba00bc	0	Parab√©ns marta  eu lembro que eu andava de p√©  da lapa para pinheiros para  o trabalho  gra√ßas marta td mudar	2016-08-31T22:24:22+0000	1
2_14	125980744110410_1191808634194277	f35c2a028b31ea36b0e1b207a44673653fb921f9	Muitos podem n√£o lembrar  mas antes de eu criar o Bilhete √önico  toda vez que algu√©m pegava uma condu√ß√£o  tinha que pagar uma passagem. Se o Bilhete n√£o existisse  a Adriana gastaria R$ 22 80 s√≥ pra ir para a fisioterapia. Hoje  gasta R$ 7 60. #Marta15 #CoragemPraMudar	2016-08-31T13:01:01+0000	1191808634194277_1191834510858356	26796b7f6ceffe1250b285175edd1005c5330a98	0	claro que lembro, Marta fora isso arruma S√£o Paulo, o centro est√° destruido.	2016-08-31T13:27:22+0000	3
2_15	125980744110410_1191808634194277	f35c2a028b31ea36b0e1b207a44673653fb921f9	Muitos podem n√£o lembrar  mas antes de eu criar o Bilhete √önico  toda vez que algu√©m pegava uma condu√ß√£o  tinha que pagar uma passagem. Se o Bilhete n√£o existisse  a Adriana gastaria R$ 22 80 s√≥ pra ir para a fisioterapia. Hoje  gasta R$ 7 60. #Marta15 #CoragemPraMudar	2016-08-31T13:01:01+0000	1191808634194277_1191859460855861	62a70f254346f517f34bcdcb8fc4c5756f2d7088	0	A economia √© importante, mas no meu caso o tempo √© fundamental. N√£o preciso mais ficar esperando determinado √¥nibus para chegar ao destino.  Troco v√°rios √¥nibus em uma viagem para chegar ao destino mais r√°pido, com uma √∫nica passagem. Tempo tamb√©m √© dinheiro :)	2016-08-31T13:56:46+0000	1
2_16	125980744110410_1191808634194277	f35c2a028b31ea36b0e1b207a44673653fb921f9	Muitos podem n√£o lembrar  mas antes de eu criar o Bilhete √önico  toda vez que algu√©m pegava uma condu√ß√£o  tinha que pagar uma passagem. Se o Bilhete n√£o existisse  a Adriana gastaria R$ 22 80 s√≥ pra ir para a fisioterapia. Hoje  gasta R$ 7 60. #Marta15 #CoragemPraMudar	2016-08-31T13:01:01+0000	1191808634194277_1192297157478758	d93b55bf8bada74d7c8dad7b2b980427811c348c	0	Parab√©ns amiga, ficou √≥tima a grava√ß√£o. √â isso ai, vamos lutar para termos a Marta novamente.	2016-08-31T23:28:25+0000	1
2_17	125980744110410_1191808634194277	f35c2a028b31ea36b0e1b207a44673653fb921f9	Muitos podem n√£o lembrar  mas antes de eu criar o Bilhete √önico  toda vez que algu√©m pegava uma condu√ß√£o  tinha que pagar uma passagem. Se o Bilhete n√£o existisse  a Adriana gastaria R$ 22 80 s√≥ pra ir para a fisioterapia. Hoje  gasta R$ 7 60. #Marta15 #CoragemPraMudar	2016-08-31T13:01:01+0000	1191808634194277_1194694217239052	c6afcc61b4aa9ec3dc9149f102156831c52aed08	0	Adriana Campos olha elaaaaaüëèüëèüëèüëè Adorei o v√≠deo, ficou show de bola e surpreendente... üòòüòòüòò	2016-09-03T06:07:40+0000	1
2_18	125980744110410_1191808634194277	f35c2a028b31ea36b0e1b207a44673653fb921f9	Muitos podem n√£o lembrar  mas antes de eu criar o Bilhete √önico  toda vez que algu√©m pegava uma condu√ß√£o  tinha que pagar uma passagem. Se o Bilhete n√£o existisse  a Adriana gastaria R$ 22 80 s√≥ pra ir para a fisioterapia. Hoje  gasta R$ 7 60. #Marta15 #CoragemPraMudar	2016-08-31T13:01:01+0000	1191808634194277_1208125642562576	9601d65f2b67321e14d2710881185c4ac784d9fe	0	#Marta15 #CoragemPraMudar	2016-09-14T23:00:23+0000	1
2_19	125980744110410_1191808634194277	f35c2a028b31ea36b0e1b207a44673653fb921f9	Muitos podem n√£o lembrar  mas antes de eu criar o Bilhete √önico  toda vez que algu√©m pegava uma condu√ß√£o  tinha que pagar uma passagem. Se o Bilhete n√£o existisse  a Adriana gastaria R$ 22 80 s√≥ pra ir para a fisioterapia. Hoje  gasta R$ 7 60. #Marta15 #CoragemPraMudar	2016-08-31T13:01:01+0000	1191808634194277_1191821247526349	3be387a305b1f6d9d7bd456a2fcd4e35bff1a383	0	Conhe√ßo esse lugar	2016-08-31T13:09:52+0000	2
2_20	125980744110410_1191808634194277	f35c2a028b31ea36b0e1b207a44673653fb921f9	Muitos podem n√£o lembrar  mas antes de eu criar o Bilhete √önico  toda vez que algu√©m pegava uma condu√ß√£o  tinha que pagar uma passagem. Se o Bilhete n√£o existisse  a Adriana gastaria R$ 22 80 s√≥ pra ir para a fisioterapia. Hoje  gasta R$ 7 60. #Marta15 #CoragemPraMudar	2016-08-31T13:01:01+0000	1191808634194277_1191831674191973	0a469cfd7a28dc133ee9a04108d9cceb6fcb4fef	0	verdade Marta!  vc fez muito pelos trabalhador...agora fa√ßa  pelos moradores que vive morando pr√≥ximo o rio,e  quando chove ningu√©m consegue dormir de preocupa√ß√£o	2016-08-31T13:24:41+0000	2
2_21	125980744110410_1191808634194277	f35c2a028b31ea36b0e1b207a44673653fb921f9	Muitos podem n√£o lembrar  mas antes de eu criar o Bilhete √önico  toda vez que algu√©m pegava uma condu√ß√£o  tinha que pagar uma passagem. Se o Bilhete n√£o existisse  a Adriana gastaria R$ 22 80 s√≥ pra ir para a fisioterapia. Hoje  gasta R$ 7 60. #Marta15 #CoragemPraMudar	2016-08-31T13:01:01+0000	1191808634194277_1192780647430409	9601d65f2b67321e14d2710881185c4ac784d9fe	0		2016-09-01T11:46:38+0000	1
2_22	125980744110410_1191808634194277	f35c2a028b31ea36b0e1b207a44673653fb921f9	Muitos podem n√£o lembrar  mas antes de eu criar o Bilhete √önico  toda vez que algu√©m pegava uma condu√ß√£o  tinha que pagar uma passagem. Se o Bilhete n√£o existisse  a Adriana gastaria R$ 22 80 s√≥ pra ir para a fisioterapia. Hoje  gasta R$ 7 60. #Marta15 #CoragemPraMudar	2016-08-31T13:01:01+0000	1191808634194277_1193577967350677	1c26d963514313aeb071e688c843b425b73b1a93	0	\0/ Bilhete Unico Valeu Marta (y)	2016-09-02T05:24:08+0000	0
2_23	125980744110410_1191808634194277	f35c2a028b31ea36b0e1b207a44673653fb921f9	Muitos podem n√£o lembrar  mas antes de eu criar o Bilhete √önico  toda vez que algu√©m pegava uma condu√ß√£o  tinha que pagar uma passagem. Se o Bilhete n√£o existisse  a Adriana gastaria R$ 22 80 s√≥ pra ir para a fisioterapia. Hoje  gasta R$ 7 60. #Marta15 #CoragemPraMudar	2016-08-31T13:01:01+0000	1191808634194277_1191895624185578	a1f0365a7037b50a9b42885108a5affd8a7d89c9	0	Iolanda Martins a mo√ßa √© do S√£o Jos√©	2016-08-31T14:46:56+0000	1
2_24	125980744110410_1191808634194277	f35c2a028b31ea36b0e1b207a44673653fb921f9	Muitos podem n√£o lembrar  mas antes de eu criar o Bilhete √önico  toda vez que algu√©m pegava uma condu√ß√£o  tinha que pagar uma passagem. Se o Bilhete n√£o existisse  a Adriana gastaria R$ 22 80 s√≥ pra ir para a fisioterapia. Hoje  gasta R$ 7 60. #Marta15 #CoragemPraMudar	2016-08-31T13:01:01+0000	1191808634194277_1193500217358452	c09cba1eb4ada035e628a3fb2443fcfcc31ff9b7	0	E isso, senadora????? https://www.youtube.com/watch?v=RWPZCyQxzXw	2016-09-02T03:26:33+0000	0
2_25	125980744110410_1191808634194277	f35c2a028b31ea36b0e1b207a44673653fb921f9	Muitos podem n√£o lembrar  mas antes de eu criar o Bilhete √önico  toda vez que algu√©m pegava uma condu√ß√£o  tinha que pagar uma passagem. Se o Bilhete n√£o existisse  a Adriana gastaria R$ 22 80 s√≥ pra ir para a fisioterapia. Hoje  gasta R$ 7 60. #Marta15 #CoragemPraMudar	2016-08-31T13:01:01+0000	1191808634194277_1191814534193687	a64d3d8ed70e92aa38061b3bbe35cb5a5c2abdf9	0	Wanderson Roberto	2016-08-31T13:02:38+0000	2
