post_text	is_reply	comment_message	comment_published	comment_like_count	
Quero levar Educa√ß√£o de qualidade  com esporte  cultura e lazer para mais regi√µes de S√£o Paulo. Quando fui prefeita  j√° comecei esse trabalho ao construir 21 CEUs e deixar outros 24 projetados. Agora  vou entregar 14 novas unidades por toda cidade. #Marta15 #CoragemPraMudar	1	Essa √© uma reclama√ß√£o que estou ouvindo muito, Rose. Os CEUs deveriam funcionar efetivamente, da maneira como foram planejados em minha gest√£o. S√£o lugares que deveriam trazer cultuira, esporte e lazer para as pessoas. A prefeitura atual n√£o est√° dando o apoio necess√°rio e isso precisa mudar.	2016-09-02T15:40:19+0000	1	
Quero levar Educa√ß√£o de qualidade  com esporte  cultura e lazer para mais regi√µes de S√£o Paulo. Quando fui prefeita  j√° comecei esse trabalho ao construir 21 CEUs e deixar outros 24 projetados. Agora  vou entregar 14 novas unidades por toda cidade. #Marta15 #CoragemPraMudar	1	Muito obrigada pela aten√ßao. O Ceu √© essencial √† popula√ß√£o de baixa renda. Ou renda 0.	2016-09-02T15:53:44+0000	1	
Quero levar Educa√ß√£o de qualidade  com esporte  cultura e lazer para mais regi√µes de S√£o Paulo. Quando fui prefeita  j√° comecei esse trabalho ao construir 21 CEUs e deixar outros 24 projetados. Agora  vou entregar 14 novas unidades por toda cidade. #Marta15 #CoragemPraMudar	1	A √∫nica op√ß√£o ali√°s.	2016-09-02T15:54:33+0000	0	
Quero levar Educa√ß√£o de qualidade  com esporte  cultura e lazer para mais regi√µes de S√£o Paulo. Quando fui prefeita  j√° comecei esse trabalho ao construir 21 CEUs e deixar outros 24 projetados. Agora  vou entregar 14 novas unidades por toda cidade. #Marta15 #CoragemPraMudar	0	OK. E quantos funcionam? Tem voltado em algum deles? Eu estive em 3 este ano. Sem atividade. Help!	2016-09-02T12:17:12+0000	0	
Quero levar Educa√ß√£o de qualidade  com esporte  cultura e lazer para mais regi√µes de S√£o Paulo. Quando fui prefeita  j√° comecei esse trabalho ao construir 21 CEUs e deixar outros 24 projetados. Agora  vou entregar 14 novas unidades por toda cidade. #Marta15 #CoragemPraMudar	0	Essa mulher fez bastante coisa mesmo independente de qual partido marta fez muita coisa sim .ela errou em algumas coisas mas precisa de ter car√°ter de assumir o erro e isso ela assumiu eu voto #15	2016-09-02T13:32:25+0000	1	
Quero levar Educa√ß√£o de qualidade  com esporte  cultura e lazer para mais regi√µes de S√£o Paulo. Quando fui prefeita  j√° comecei esse trabalho ao construir 21 CEUs e deixar outros 24 projetados. Agora  vou entregar 14 novas unidades por toda cidade. #Marta15 #CoragemPraMudar	0	porque C√âUS de verdade, s√≥ com Marta!...os outros fazem alguns predinhos e chamam de territorio c√©u!...estou cansado de marketing barato!	2016-08-31T19:05:44+0000	5	
Quero levar Educa√ß√£o de qualidade  com esporte  cultura e lazer para mais regi√µes de S√£o Paulo. Quando fui prefeita  j√° comecei esse trabalho ao construir 21 CEUs e deixar outros 24 projetados. Agora  vou entregar 14 novas unidades por toda cidade. #Marta15 #CoragemPraMudar	0	Marta fez mais com menos, #MartaNeles	2016-09-01T06:20:10+0000	3	
Quero levar Educa√ß√£o de qualidade  com esporte  cultura e lazer para mais regi√µes de S√£o Paulo. Quando fui prefeita  j√° comecei esse trabalho ao construir 21 CEUs e deixar outros 24 projetados. Agora  vou entregar 14 novas unidades por toda cidade. #Marta15 #CoragemPraMudar	0	#Educa√ß√£oEvolu√ß√£o √© com #Marta15	2016-09-01T13:33:12+0000	2	
Quero levar Educa√ß√£o de qualidade  com esporte  cultura e lazer para mais regi√µes de S√£o Paulo. Quando fui prefeita  j√° comecei esse trabalho ao construir 21 CEUs e deixar outros 24 projetados. Agora  vou entregar 14 novas unidades por toda cidade. #Marta15 #CoragemPraMudar	0	#TeamMarta	2016-08-31T19:51:27+0000	2	
Quero levar Educa√ß√£o de qualidade  com esporte  cultura e lazer para mais regi√µes de S√£o Paulo. Quando fui prefeita  j√° comecei esse trabalho ao construir 21 CEUs e deixar outros 24 projetados. Agora  vou entregar 14 novas unidades por toda cidade. #Marta15 #CoragemPraMudar	0	#PrefeitaPerfeita pra SP!	2016-08-31T19:09:33+0000	3	
Quero levar Educa√ß√£o de qualidade  com esporte  cultura e lazer para mais regi√µes de S√£o Paulo. Quando fui prefeita  j√° comecei esse trabalho ao construir 21 CEUs e deixar outros 24 projetados. Agora  vou entregar 14 novas unidades por toda cidade. #Marta15 #CoragemPraMudar	0	Marta que far√° com teg? Estamos t√£o defasados mudou pra prior tios ou comem ou fazem manuten√ß√£o carro	2016-08-31T21:53:10+0000	1	
Quero levar Educa√ß√£o de qualidade  com esporte  cultura e lazer para mais regi√µes de S√£o Paulo. Quando fui prefeita  j√° comecei esse trabalho ao construir 21 CEUs e deixar outros 24 projetados. Agora  vou entregar 14 novas unidades por toda cidade. #Marta15 #CoragemPraMudar	0	Mais CEUs viva! Todas as escolas deveriam ser CEUs  :)	2016-09-02T05:17:48+0000	2	
Quero levar Educa√ß√£o de qualidade  com esporte  cultura e lazer para mais regi√µes de S√£o Paulo. Quando fui prefeita  j√° comecei esse trabalho ao construir 21 CEUs e deixar outros 24 projetados. Agora  vou entregar 14 novas unidades por toda cidade. #Marta15 #CoragemPraMudar	0	Marta  estamos com voce bom trabalho	2016-09-01T13:23:41+0000	1	
Quero levar Educa√ß√£o de qualidade  com esporte  cultura e lazer para mais regi√µes de S√£o Paulo. Quando fui prefeita  j√° comecei esse trabalho ao construir 21 CEUs e deixar outros 24 projetados. Agora  vou entregar 14 novas unidades por toda cidade. #Marta15 #CoragemPraMudar	0	Ah v√°, a senhora lembra do aumento salarial que os professores tiveram na sua gest√£o? Faz me rir	2016-09-03T04:09:54+0000	0	
Quero levar Educa√ß√£o de qualidade  com esporte  cultura e lazer para mais regi√µes de S√£o Paulo. Quando fui prefeita  j√° comecei esse trabalho ao construir 21 CEUs e deixar outros 24 projetados. Agora  vou entregar 14 novas unidades por toda cidade. #Marta15 #CoragemPraMudar	0	+ CEUs , S√£o Paulo agradece :)	2016-09-03T01:35:28+0000	1	
Quero levar Educa√ß√£o de qualidade  com esporte  cultura e lazer para mais regi√µes de S√£o Paulo. Quando fui prefeita  j√° comecei esse trabalho ao construir 21 CEUs e deixar outros 24 projetados. Agora  vou entregar 14 novas unidades por toda cidade. #Marta15 #CoragemPraMudar	0		2016-09-04T19:39:22+0000	0	
Antes de ser prefeita  me comprometi a mudar o transporte de S√£o Paulo. Criei o Bilhete √önico e os corredores de √¥nibus  ajudando pessoas como a Alda a economizar tempo e dinheiro. Agora  vou criar mais seis corredores pra beneficiar ainda mais pessoas. #Marta15 #MartaFez	0	Martinha,  mulher de fibra, garra o seu feito estar√° sempre marcado, corredor de √¥nibus e bilhete √∫nico facilitou e muito a vida dos paulistanos.  Parab√©ns.	2016-08-31T16:16:12+0000	5	
Antes de ser prefeita  me comprometi a mudar o transporte de S√£o Paulo. Criei o Bilhete √önico e os corredores de √¥nibus  ajudando pessoas como a Alda a economizar tempo e dinheiro. Agora  vou criar mais seis corredores pra beneficiar ainda mais pessoas. #Marta15 #MartaFez	0	Senadora, desculpa usar este espa√ßo, mas permita que eu te agrade√ßa! Obrigado por ter falado por mim e por muitos outros milh√µes hj!!! Sucesso, e rumo a prefeitura de SP!	2016-08-31T17:25:54+0000	5	
Antes de ser prefeita  me comprometi a mudar o transporte de S√£o Paulo. Criei o Bilhete √önico e os corredores de √¥nibus  ajudando pessoas como a Alda a economizar tempo e dinheiro. Agora  vou criar mais seis corredores pra beneficiar ainda mais pessoas. #Marta15 #MartaFez	0	Marta √© mais com menos e sabendo escolher as prioridades, d√° para fazer!	2016-08-31T17:58:30+0000	3	
Antes de ser prefeita  me comprometi a mudar o transporte de S√£o Paulo. Criei o Bilhete √önico e os corredores de √¥nibus  ajudando pessoas como a Alda a economizar tempo e dinheiro. Agora  vou criar mais seis corredores pra beneficiar ainda mais pessoas. #Marta15 #MartaFez	0	Talvez ganhe meu voto em um eventual segundo turno . Por√©m quero que seja objetiva . Radar j√° chega em sp!!! Policia n√£o e pra ficar em cima da ponte multando.. E o chega inrrestrito as ciclovias	2016-09-02T02:38:01+0000	0	
Antes de ser prefeita  me comprometi a mudar o transporte de S√£o Paulo. Criei o Bilhete √önico e os corredores de √¥nibus  ajudando pessoas como a Alda a economizar tempo e dinheiro. Agora  vou criar mais seis corredores pra beneficiar ainda mais pessoas. #Marta15 #MartaFez	0	Marta Parab√©ns pela sua coragem e garra pois estamos contigo at√© o fim . #MartaNeles #CoragemPraMudar	2016-08-31T20:32:46+0000	1	
Antes de ser prefeita  me comprometi a mudar o transporte de S√£o Paulo. Criei o Bilhete √önico e os corredores de √¥nibus  ajudando pessoas como a Alda a economizar tempo e dinheiro. Agora  vou criar mais seis corredores pra beneficiar ainda mais pessoas. #Marta15 #MartaFez	0	espero que n√£o planeje acabar com com o bilhete mensal, e d√™ sequencia tamb√©m √†s faixas exclusivas (f√°cil implanta√ß√£o e beneficio √† curto prazo).	2016-09-01T02:48:15+0000	0	
Antes de ser prefeita  me comprometi a mudar o transporte de S√£o Paulo. Criei o Bilhete √önico e os corredores de √¥nibus  ajudando pessoas como a Alda a economizar tempo e dinheiro. Agora  vou criar mais seis corredores pra beneficiar ainda mais pessoas. #Marta15 #MartaFez	0	Marta precisa tirar os elevador dos √¥nibus obrigar os donos das empresas a colocar os carros todos piso baixo muitos idosos n√£o consegui subir com esses de graus altos obrigado	2016-09-01T03:09:09+0000	0	
Antes de ser prefeita  me comprometi a mudar o transporte de S√£o Paulo. Criei o Bilhete √önico e os corredores de √¥nibus  ajudando pessoas como a Alda a economizar tempo e dinheiro. Agora  vou criar mais seis corredores pra beneficiar ainda mais pessoas. #Marta15 #MartaFez	0	Marta quais s√£o seus objetivos nas vias e asfalto p√∫blico e qual ser√° seu posicionamento em eventos  cultural como prefeita de s√£o Paulo ?	2016-09-01T11:04:32+0000	0	
Antes de ser prefeita  me comprometi a mudar o transporte de S√£o Paulo. Criei o Bilhete √önico e os corredores de √¥nibus  ajudando pessoas como a Alda a economizar tempo e dinheiro. Agora  vou criar mais seis corredores pra beneficiar ainda mais pessoas. #Marta15 #MartaFez	0	#Marta15 √© corredor de √¥nibus, vai e volta, √© #Bilhete√önico	2016-09-01T13:32:54+0000	0	
Antes de ser prefeita  me comprometi a mudar o transporte de S√£o Paulo. Criei o Bilhete √önico e os corredores de √¥nibus  ajudando pessoas como a Alda a economizar tempo e dinheiro. Agora  vou criar mais seis corredores pra beneficiar ainda mais pessoas. #Marta15 #MartaFez	0	Sim √© voc√™ divota paragete	2016-09-01T10:46:03+0000	0	
Antes de ser prefeita  me comprometi a mudar o transporte de S√£o Paulo. Criei o Bilhete √önico e os corredores de √¥nibus  ajudando pessoas como a Alda a economizar tempo e dinheiro. Agora  vou criar mais seis corredores pra beneficiar ainda mais pessoas. #Marta15 #MartaFez	0	O bilhete precisa voltar ser de 8 hs no domingo e em feriado	2016-09-01T13:24:43+0000	0	
Antes de ser prefeita  me comprometi a mudar o transporte de S√£o Paulo. Criei o Bilhete √önico e os corredores de √¥nibus  ajudando pessoas como a Alda a economizar tempo e dinheiro. Agora  vou criar mais seis corredores pra beneficiar ainda mais pessoas. #Marta15 #MartaFez	0	Martinha, conto contigo! Bjs	2016-08-31T20:08:49+0000	1	
Antes de ser prefeita  me comprometi a mudar o transporte de S√£o Paulo. Criei o Bilhete √önico e os corredores de √¥nibus  ajudando pessoas como a Alda a economizar tempo e dinheiro. Agora  vou criar mais seis corredores pra beneficiar ainda mais pessoas. #Marta15 #MartaFez	0	Marta, fiquei uns meses desempregado e quase que tive de cortar meu futebol semanal pra economizar uma grana. Trabalhando qualquer despesa √© despesa, mas desempregado a coisa √© muito pior. Com R$ 3,80 todas as quarta-feiras vou e volto Gra√ßas ao Bilhete Unico que voc√™ criou quando foi Prefeita. Assim n√£o pesa muito no meu or√ßamento e n√£o precisei cortar meu esporte preferido  	)	2016-09-02T05:23:21+0000	0
Antes de ser prefeita  me comprometi a mudar o transporte de S√£o Paulo. Criei o Bilhete √önico e os corredores de √¥nibus  ajudando pessoas como a Alda a economizar tempo e dinheiro. Agora  vou criar mais seis corredores pra beneficiar ainda mais pessoas. #Marta15 #MartaFez	0		2016-09-01T19:42:18+0000	0	
Antes de ser prefeita  me comprometi a mudar o transporte de S√£o Paulo. Criei o Bilhete √önico e os corredores de √¥nibus  ajudando pessoas como a Alda a economizar tempo e dinheiro. Agora  vou criar mais seis corredores pra beneficiar ainda mais pessoas. #Marta15 #MartaFez	0		2016-09-01T00:52:01+0000	0	
Antes de ser prefeita  me comprometi a mudar o transporte de S√£o Paulo. Criei o Bilhete √önico e os corredores de √¥nibus  ajudando pessoas como a Alda a economizar tempo e dinheiro. Agora  vou criar mais seis corredores pra beneficiar ainda mais pessoas. #Marta15 #MartaFez	0	Miguel Bastos	2016-08-31T16:09:43+0000	0	
Muitos podem n√£o lembrar  mas antes de eu criar o Bilhete √önico  toda vez que algu√©m pegava uma condu√ß√£o  tinha que pagar uma passagem. Se o Bilhete n√£o existisse  a Adriana gastaria R$ 22 80 s√≥ pra ir para a fisioterapia. Hoje  gasta R$ 7 60. #Marta15 #CoragemPraMudar	1	Michel, obrigada pelas palavras. Tenho muito carinho pela sua amada Parelheiros. Foi uma das regi√µes que mais cresceram em nosso mandato. Pode confiar que jamais esquecerei de voc√™s.	2016-08-31T14:06:49+0000	1	
Muitos podem n√£o lembrar  mas antes de eu criar o Bilhete √önico  toda vez que algu√©m pegava uma condu√ß√£o  tinha que pagar uma passagem. Se o Bilhete n√£o existisse  a Adriana gastaria R$ 22 80 s√≥ pra ir para a fisioterapia. Hoje  gasta R$ 7 60. #Marta15 #CoragemPraMudar	1	üí™‚úåüëèüëèüëèüëèüëèüëèüëèüëèüëèüëè	2016-08-31T14:10:24+0000	1	
Muitos podem n√£o lembrar  mas antes de eu criar o Bilhete √önico  toda vez que algu√©m pegava uma condu√ß√£o  tinha que pagar uma passagem. Se o Bilhete n√£o existisse  a Adriana gastaria R$ 22 80 s√≥ pra ir para a fisioterapia. Hoje  gasta R$ 7 60. #Marta15 #CoragemPraMudar	1	Isso √© verdade! Beneficiou trabalhadores e pequenas empresas. Foi uma revolu√ß√£o! Sem falar na troca dos ve√≠culos velhos, estragados por ve√≠culos novinhos, limpos...	2016-08-31T23:46:29+0000	2	
Muitos podem n√£o lembrar  mas antes de eu criar o Bilhete √önico  toda vez que algu√©m pegava uma condu√ß√£o  tinha que pagar uma passagem. Se o Bilhete n√£o existisse  a Adriana gastaria R$ 22 80 s√≥ pra ir para a fisioterapia. Hoje  gasta R$ 7 60. #Marta15 #CoragemPraMudar	1	Que essa elei√ß√£o seja sua Marta! Sao Paulo esta precisando de voc√™!  #Pracimadeles üëèüëè	2016-09-01T16:11:10+0000	1	
Muitos podem n√£o lembrar  mas antes de eu criar o Bilhete √önico  toda vez que algu√©m pegava uma condu√ß√£o  tinha que pagar uma passagem. Se o Bilhete n√£o existisse  a Adriana gastaria R$ 22 80 s√≥ pra ir para a fisioterapia. Hoje  gasta R$ 7 60. #Marta15 #CoragemPraMudar	0	Me lembro que quando o bilhete unico foi criado eu trabalhava de Office Boy no Cambuci,  eu Pegava 3 condu√ß√£o para ir , saia de Parelheiros as 5 horas da amanh√£  para estar no servi√ßo as 7:15. Com a implanta√ß√£o do bilhete unico me ajudou a ficar no meu servi√ßo por que ai meu patr√£o tinha pouca dispesa com condu√ß√£o para eu ir e vir do trabalho , me ajudou muito tamb√©m nos servi√ßos que eu fazia na rua por que tamb√©m gerava uma economia para meu patr√£o em rela√ß√£o a condu√ß√£o. Obrigado Marta,  espero que volte esse ano e ajude novamente S√£o Paulo  e meu amado Parelheiros.	2016-08-31T14:02:48+0000	8	
Muitos podem n√£o lembrar  mas antes de eu criar o Bilhete √önico  toda vez que algu√©m pegava uma condu√ß√£o  tinha que pagar uma passagem. Se o Bilhete n√£o existisse  a Adriana gastaria R$ 22 80 s√≥ pra ir para a fisioterapia. Hoje  gasta R$ 7 60. #Marta15 #CoragemPraMudar	1	Joyce, h√° muita coisa errada na cidade. Por favor, continue mostrando sua indigna√ß√£o. √â com esse di√°logo que vamos saber qual √© o real problema para o povo e como poderemos resolver essas situa√ß√µes.	2016-08-31T14:08:02+0000	1	
Muitos podem n√£o lembrar  mas antes de eu criar o Bilhete √önico  toda vez que algu√©m pegava uma condu√ß√£o  tinha que pagar uma passagem. Se o Bilhete n√£o existisse  a Adriana gastaria R$ 22 80 s√≥ pra ir para a fisioterapia. Hoje  gasta R$ 7 60. #Marta15 #CoragemPraMudar	1	Obrigado	2016-08-31T14:08:38+0000	0	
Muitos podem n√£o lembrar  mas antes de eu criar o Bilhete √önico  toda vez que algu√©m pegava uma condu√ß√£o  tinha que pagar uma passagem. Se o Bilhete n√£o existisse  a Adriana gastaria R$ 22 80 s√≥ pra ir para a fisioterapia. Hoje  gasta R$ 7 60. #Marta15 #CoragemPraMudar	0	VC foi a melhor que olho por n√≥s da     extremidade sul...Como dizem ...barragem t√° s√≥ por Deus fizeram umas obra na rua que s√≥ piorou colocaram guias pra vim o asfalto at√© hoje quando chove s√≥ por Deus. ..ESPERO QUE GANHE E N√ìS AJUDE ...J√Å TEM MEU APOIO...	2016-08-31T13:50:56+0000	2	
Muitos podem n√£o lembrar  mas antes de eu criar o Bilhete √önico  toda vez que algu√©m pegava uma condu√ß√£o  tinha que pagar uma passagem. Se o Bilhete n√£o existisse  a Adriana gastaria R$ 22 80 s√≥ pra ir para a fisioterapia. Hoje  gasta R$ 7 60. #Marta15 #CoragemPraMudar	0	Eu pego 2 √¥nibus pra ir pro trabalho... Sem o #Bilheto√önico eu gastaria o dobro, mais 167 reais no m√™s. No total, poderia ultrapassar 334 reais mensais. Quase meio sal√°rio m√≠nimo. Obrigado Marta, seus projetos geram economia para todos os cidad√£os! #VoltaMarta #Marta15	2016-08-31T13:25:33+0000	2	
Muitos podem n√£o lembrar  mas antes de eu criar o Bilhete √önico  toda vez que algu√©m pegava uma condu√ß√£o  tinha que pagar uma passagem. Se o Bilhete n√£o existisse  a Adriana gastaria R$ 22 80 s√≥ pra ir para a fisioterapia. Hoje  gasta R$ 7 60. #Marta15 #CoragemPraMudar	0	Eu achei super humilde de ti assumir os erros durante sua campanha para prefeita. Apesar de ser morador de Osasco e relativamente jovem, tenho memoria de como era o transporte e o ensino p√∫blico da capital  (pr√©-Marta) e como voc√™ de certa forma revolucionou a cidade em apenas 4 anos, sucedendo o fracasso da gest√£o anterior do Pitta. Os resultados est√£o ai at√© hoje e sendo copiados dentro da capital e fora dela. Em Osasco, tentaram copiar algumas solu√ß√µes por ti implantadas, mas at√© hoje elas n√£o est√£o concluidas. N√£o voto em S√£o Paulo, mas a admiro como mulher e como politica e acredito em voc√™ e no seu potencial.	2016-09-01T00:18:01+0000	1	
Muitos podem n√£o lembrar  mas antes de eu criar o Bilhete √önico  toda vez que algu√©m pegava uma condu√ß√£o  tinha que pagar uma passagem. Se o Bilhete n√£o existisse  a Adriana gastaria R$ 22 80 s√≥ pra ir para a fisioterapia. Hoje  gasta R$ 7 60. #Marta15 #CoragemPraMudar	0	Lindo Adriana Campos fala bem parab√©ns Marta obrigado por n√£o nos abandona  Mas para ser melhor voc√™ tem que voltar  Parelheiros quer Marta outra vez  15	2016-08-31T15:19:23+0000	2	
Muitos podem n√£o lembrar  mas antes de eu criar o Bilhete √önico  toda vez que algu√©m pegava uma condu√ß√£o  tinha que pagar uma passagem. Se o Bilhete n√£o existisse  a Adriana gastaria R$ 22 80 s√≥ pra ir para a fisioterapia. Hoje  gasta R$ 7 60. #Marta15 #CoragemPraMudar	0	Trabalhei em suas campanhas, hoje com 62 dois anos fica dif√≠cil de trabalhar, marta elabore programas de trabalho para idoso bjs.	2016-08-31T14:18:53+0000	2	
Muitos podem n√£o lembrar  mas antes de eu criar o Bilhete √önico  toda vez que algu√©m pegava uma condu√ß√£o  tinha que pagar uma passagem. Se o Bilhete n√£o existisse  a Adriana gastaria R$ 22 80 s√≥ pra ir para a fisioterapia. Hoje  gasta R$ 7 60. #Marta15 #CoragemPraMudar	0	Parab√©ns Dri Adriana Campos  Muito bom o v√≠deo amore  MARTA NELES SOMOS TODOS 15	2016-08-31T15:22:03+0000	2	
Muitos podem n√£o lembrar  mas antes de eu criar o Bilhete √önico  toda vez que algu√©m pegava uma condu√ß√£o  tinha que pagar uma passagem. Se o Bilhete n√£o existisse  a Adriana gastaria R$ 22 80 s√≥ pra ir para a fisioterapia. Hoje  gasta R$ 7 60. #Marta15 #CoragemPraMudar	0	Parab√©ns marta  eu lembro que eu andava de p√©  da lapa para pinheiros para  o trabalho  gra√ßas marta td mudar	2016-08-31T22:24:22+0000	1	
Muitos podem n√£o lembrar  mas antes de eu criar o Bilhete √önico  toda vez que algu√©m pegava uma condu√ß√£o  tinha que pagar uma passagem. Se o Bilhete n√£o existisse  a Adriana gastaria R$ 22 80 s√≥ pra ir para a fisioterapia. Hoje  gasta R$ 7 60. #Marta15 #CoragemPraMudar	0	claro que lembro, Marta fora isso arruma S√£o Paulo, o centro est√° destruido.	2016-08-31T13:27:22+0000	3	
Muitos podem n√£o lembrar  mas antes de eu criar o Bilhete √önico  toda vez que algu√©m pegava uma condu√ß√£o  tinha que pagar uma passagem. Se o Bilhete n√£o existisse  a Adriana gastaria R$ 22 80 s√≥ pra ir para a fisioterapia. Hoje  gasta R$ 7 60. #Marta15 #CoragemPraMudar	0	A economia √© importante, mas no meu caso o tempo √© fundamental. N√£o preciso mais ficar esperando determinado √¥nibus para chegar ao destino.  Troco v√°rios √¥nibus em uma viagem para chegar ao destino mais r√°pido, com uma √∫nica passagem. Tempo tamb√©m √© dinheiro :)	2016-08-31T13:56:46+0000	1	
Muitos podem n√£o lembrar  mas antes de eu criar o Bilhete √önico  toda vez que algu√©m pegava uma condu√ß√£o  tinha que pagar uma passagem. Se o Bilhete n√£o existisse  a Adriana gastaria R$ 22 80 s√≥ pra ir para a fisioterapia. Hoje  gasta R$ 7 60. #Marta15 #CoragemPraMudar	0	Parab√©ns amiga, ficou √≥tima a grava√ß√£o. √â isso ai, vamos lutar para termos a Marta novamente.	2016-08-31T23:28:25+0000	1	
Muitos podem n√£o lembrar  mas antes de eu criar o Bilhete √önico  toda vez que algu√©m pegava uma condu√ß√£o  tinha que pagar uma passagem. Se o Bilhete n√£o existisse  a Adriana gastaria R$ 22 80 s√≥ pra ir para a fisioterapia. Hoje  gasta R$ 7 60. #Marta15 #CoragemPraMudar	0	Adriana Campos olha elaaaaaüëèüëèüëèüëè Adorei o v√≠deo, ficou show de bola e surpreendente... üòòüòòüòò	2016-09-03T06:07:40+0000	1	
Muitos podem n√£o lembrar  mas antes de eu criar o Bilhete √önico  toda vez que algu√©m pegava uma condu√ß√£o  tinha que pagar uma passagem. Se o Bilhete n√£o existisse  a Adriana gastaria R$ 22 80 s√≥ pra ir para a fisioterapia. Hoje  gasta R$ 7 60. #Marta15 #CoragemPraMudar	0	#Marta15 #CoragemPraMudar	2016-09-14T23:00:23+0000	1	
Muitos podem n√£o lembrar  mas antes de eu criar o Bilhete √önico  toda vez que algu√©m pegava uma condu√ß√£o  tinha que pagar uma passagem. Se o Bilhete n√£o existisse  a Adriana gastaria R$ 22 80 s√≥ pra ir para a fisioterapia. Hoje  gasta R$ 7 60. #Marta15 #CoragemPraMudar	0	Conhe√ßo esse lugar	2016-08-31T13:09:52+0000	2	
Muitos podem n√£o lembrar  mas antes de eu criar o Bilhete √önico  toda vez que algu√©m pegava uma condu√ß√£o  tinha que pagar uma passagem. Se o Bilhete n√£o existisse  a Adriana gastaria R$ 22 80 s√≥ pra ir para a fisioterapia. Hoje  gasta R$ 7 60. #Marta15 #CoragemPraMudar	0	verdade Marta!  vc fez muito pelos trabalhador...agora fa√ßa  pelos moradores que vive morando pr√≥ximo o rio,e  quando chove ningu√©m consegue dormir de preocupa√ß√£o	2016-08-31T13:24:41+0000	2	
Muitos podem n√£o lembrar  mas antes de eu criar o Bilhete √önico  toda vez que algu√©m pegava uma condu√ß√£o  tinha que pagar uma passagem. Se o Bilhete n√£o existisse  a Adriana gastaria R$ 22 80 s√≥ pra ir para a fisioterapia. Hoje  gasta R$ 7 60. #Marta15 #CoragemPraMudar	0		2016-09-01T11:46:38+0000	1	
Muitos podem n√£o lembrar  mas antes de eu criar o Bilhete √önico  toda vez que algu√©m pegava uma condu√ß√£o  tinha que pagar uma passagem. Se o Bilhete n√£o existisse  a Adriana gastaria R$ 22 80 s√≥ pra ir para a fisioterapia. Hoje  gasta R$ 7 60. #Marta15 #CoragemPraMudar	0	\0/ Bilhete Unico Valeu Marta (y)	2016-09-02T05:24:08+0000	0	
Muitos podem n√£o lembrar  mas antes de eu criar o Bilhete √önico  toda vez que algu√©m pegava uma condu√ß√£o  tinha que pagar uma passagem. Se o Bilhete n√£o existisse  a Adriana gastaria R$ 22 80 s√≥ pra ir para a fisioterapia. Hoje  gasta R$ 7 60. #Marta15 #CoragemPraMudar	0	Iolanda Martins a mo√ßa √© do S√£o Jos√©	2016-08-31T14:46:56+0000	1	
Muitos podem n√£o lembrar  mas antes de eu criar o Bilhete √önico  toda vez que algu√©m pegava uma condu√ß√£o  tinha que pagar uma passagem. Se o Bilhete n√£o existisse  a Adriana gastaria R$ 22 80 s√≥ pra ir para a fisioterapia. Hoje  gasta R$ 7 60. #Marta15 #CoragemPraMudar	0	E isso, senadora????? https://www.youtube.com/watch?v=RWPZCyQxzXw	2016-09-02T03:26:33+0000	0	
Muitos podem n√£o lembrar  mas antes de eu criar o Bilhete √önico  toda vez que algu√©m pegava uma condu√ß√£o  tinha que pagar uma passagem. Se o Bilhete n√£o existisse  a Adriana gastaria R$ 22 80 s√≥ pra ir para a fisioterapia. Hoje  gasta R$ 7 60. #Marta15 #CoragemPraMudar	0	Wanderson Roberto	2016-08-31T13:02:38+0000	2	
